Threads        	Time
1              	0.000477
2              	0.000406
4              	0.000560
8              	0.000811
16             	0.000963
32             	0.001420
64             	0.002069
128            	0.003982
256            	0.008878
512            	0.018211
